Kode Barang,Nama Barang,Unit,Terjual,Mata Uang,Nilai Penjualan,
8999510785465,PRISTINE 600ML,Pcs,5,IDR,17.500.00,
8999510785540,PRISTINE 400 ML,Pcs,8,IDR,24.000.00,
,Total AIR MINERAL KEMASAN :,,,IDR,41.500.00,
,,BATERAI,,,,
Kode Barang,Nama Barang,Unit,Terjual,Mata Uang,Nilai Penjualan,
34563,ALKALINE AAA,Pcs,1,IDR,13.000.00,
3460,ABC BATERAI SUPER POWER 9VOLT,Pcs,1,IDR,8.500.00,
,Total BATERAI :,,,IDR,21.500.00,
,,BISKUIT,,,,
Kode Barang,Nama Barang,Unit,Terjual,Mata Uang,Nilai Penjualan,
749921040213,WRP CHOCOLATE CHIP 30GR,Pcs,1,IDR,5.000.00,
7622210609397,BELVITA MADU DAN COKLAT 4X20G,Pcs,1,IDR,7.500.00,
7622300136048,OREO STRAWBERRY CREME 294 G,Pcs,8,IDR,12.000.00,
7622300335809,OREO SOFT CAKE 14G,Pcs,8,IDR,12.000.00,
7622300405588,KRAFT KEJU CAKE 16 G,Pcs,5,IDR,7.500.00,
7622300442477,OREO ICECREAM BLBR 294 G,Pcs,8,IDR,12.000.00,
7622300442507,OREO ICE CREAM 137 G,Pcs,1,IDR,7.500.00,
8886001038011,BENG BENG CHOCO MERAH 20 G,Pcs,46,IDR,69.000.00,
8886015414061,NYAM NYAM CHOCO 18GR,Pcs,3,IDR,10.500.00,
8887229020307,UNIBIS LEMON CREAM 208GR,Pcs,1,IDR,6.000.00,
8888166330306,NISSIN LEMONIA 130G,Pcs,1,IDR,6.500.00,
8888166336568,NISSIN CRISPY CRACKERS 250G,Pcs,2,IDR,17.000.00,
8888166610002,NISSIN LEMONIA CHOCO 20GR,Pcs,3,IDR,3.000.00,
8888166993150,NISSIN CHOCO SOES 100GR,Pcs,1,IDR,8.000.00,
8888166994683,MONDE PIE SAND COK 110 G,Pcs,1,IDR,7.500.00,
8888166995789,NISSIN BLUEBERY SOES 100GR,Pcs,1,IDR,8.000.00,
8991001770417,SELAMAT WFR COKLAT 18GR,Pcs,13,IDR,13.000.00,
8991002301825,LOVY COOKIES COFFECINO 30GR,Pcs,3,IDR,13.500.00,
8991002312111,OATBITS RAISIN 132 G,Pcs,1,IDR,6.500.00,
8991002312142,OATBITS STRAWBERY 121 GRAM,Pcs,2,IDR,13.000.00,
8991002312166,OATBITS KACANG IJO 285 GR,Pcs,3,IDR,10.500.00,
8991002323063,LOVY COEKIES CHOCOBUTTER 30GR,Pcs,1,IDR,4.500.00,
8991102385084,TANGO WAFER COKLAT 7.8GR,Pcs,1,IDR,500,
8991102385114,TANGO WAFER SUSU VANILA 7.8GR,Pcs,2,IDR,1.000.00,
8992716108878,BISKUAT ENERGI 735 GRAM,Pcs,7,IDR,21.000.00,
8992716109554,BISKUAT ENERGI COKLAT 67G,Pcs,22,IDR,66.000.00,
8992760211029,KRAFT RITZ CRACERS 100G,Pcs,1,IDR,6.000.00,
8992775305102,GERY MALKIST SALUT COCONUT 110GR,Pcs,1,IDR,6.500.00,
8992775311479,GERY CHOCOLATOS DARK 16G,Pcs,16,IDR,16.000.00,
8992775312889,GERY WAFELATOS COKLAT 16GR,Pcs,3,IDR,3.000.00,
8992775315057,GERY SALUUT MALKIST COKLAT 140GR,Pcs,1,IDR,6.500.00,
8992839300012,UBM WAFER COKLAT 260GR,Pcs,1,IDR,7.500.00,
,,BISKUIT,,,,
Kode Barang,Nama Barang,Unit,Terjual,Mata Uang,Nilai Penjualan,
8992839690014,UBM MARIE SUSU 35GR,Pcs,3,IDR,3.000.00,
8992839690083,UBM MARIE COKLAT 35GR,Pcs,3,IDR,3.000.00,
8993039242560,REGAL MARIE DUOKRIM VANILA20GR,Pcs,2,IDR,3.000.00,
8993039242577,REGAL MARIEDUO KRIM COKLAT 20GR,Pcs,7,IDR,10.500.00,
8993175531863,RICHEESE NABATI KRIM KEJU10G,Pcs,3,IDR,1.500.00,
8993175532297,RICHESE AHH KEJU 65 GR,Pcs,4,IDR,2.000.00,
8993175535878,RICHESSE NABATI KEJU 50GR,Pcs,14,IDR,28.000.00,
8993175535885,RICHESE NABATI CKLT 50GR,Pcs,7,IDR,14.000.00,
8993175538541,NEXTAR PINEAPPLE 42GR,Pcs,3,IDR,6.000.00,
8994075230399,MOMOGI JAGUNG BAKAR 12,Pcs,8,IDR,4.000.00,
8994075230412,MOMOGI STICK KEJU 12GR,Pcs,2,IDR,1.000.00,
8994075230436,MOMOGI COKLAT 12 GR,Pcs,3,IDR,1.500.00,
8994755010303,TIMTAM BISC COKLAT 19GR,Pcs,4,IDR,4.000.00,
8994755020357,NYAM-NYAM MOO BUBLEGUM 28GR,Pcs,5,IDR,20.000.00,
8994755020388,NYAM-NYAM MOO CHESSE 18GR,Pcs,1,IDR,4.000.00,
8994755030240,ARNOT GODTIME COFFE 80G,Pcs,1,IDR,8.500.00,
8995077603822,DEKA CHOCONUT CREPES 14GR,Pcs,1,IDR,1.000.00,
8995077603839,DEKA CREPES CHOCO BANANA 14 GR,Pcs,6,IDR,6.000.00,
8996001301142,ROMA BISKT KLPA 330G,Pcs,1,IDR,9.500.00,
8996001302026,ROMA MALKIST CRK 150,Pcs,1,IDR,5.500.00,
8996001302033,ROMA CRM CRAKERS 135,Pcs,3,IDR,18.000.00,
8996001302637,ROMA MALKIST COKELAT 120GR,Pcs,1,IDR,6.500.00,
8996001304426,ROMA SLAI OLAI STRW133G,Pcs,2,IDR,8.000.00,
8996001304549,ROMA SLAY OLAY STRWBRY 24GR,Pcs,2,IDR,2.000.00,
8996001304983,ROMA SLAI OLAI BLUBERY40,Pcs,2,IDR,3.000.00,
8996001305058,ROMA SANDWICH PEANUT 216GR,Pcs,1,IDR,6.500.00,
8996001318430,BETTER MUCH VANILA 16 GR,Pcs,7,IDR,7.000.00,
8996001355756,BENGBENG MAX32GR,Pcs,14,IDR,49.000.00,
8997035563469,SOYJOY HAWTHORN BERRY,Pcs,1,IDR,8.500.00,
,Total BISKUIT :,,,IDR,638.500.00,
Kode Barang,Nama Barang,Unit,Terjual,Mata Uang,Nilai Penjualan,
8991102308892,FULLO BLASTO 16GR,Pcs,12,IDR,12.000.00,
8992775311608,GERY CHOCLATOS COKLT 125,Pcs,7,IDR,3.500.00,
8992775311639,GERY CHOLATOS MOCHA 145,Pcs,6,IDR,3.000.00,
8997004303423,OISHI SPONGE COKLAT 28GR,Pcs,8,IDR,16.000.00,
,Total BISKUIT ROLL :,,,IDR,34.500.00,
Kode Barang,Nama Barang,Unit,Terjual,Mata Uang,Nilai Penjualan,
8995899250112,BONCABE LEVEL10 7GR,Pcs,13,IDR,13.000.00,
8995899250150,BONCABE LEVEL 30,Pcs,8,IDR,12.000.00,
,Total BUMBU MASAK :,,,IDR,25.000.00,
,,COKLAT,,,,
Kode Barang,Nama Barang,Unit,Terjual,Mata Uang,Nilai Penjualan,
6914973600362,SNICKERS 51 GR,Pcs,4,IDR,38.000.00,
8991001111609,SILVERQUEEN BITES CASHEW NUT 40GR,Pcs,1,IDR,8.500.00,
8991001111807,SILVERQUEEN BITES ALMOND NUTS 40GR,Pcs,1,IDR,9.000.00,
8991001112026,JAGO MILK 12GR,Pcs,18,IDR,9.000.00,
8991001121615,SILVERQUEEN CASHEW 68GR,Pcs,1,IDR,15.000.00,
8991001242013,TOP COKLAT 16GR,Pcs,2,IDR,2.000.00,
8991001242570,TOP STRAWBERY 16GR,Pcs,2,IDR,2.000.00,
8991001242983,TOP BLACK N WHITE 16GR,Pcs,8,IDR,8.000.00,
8991001243034,TOP TRIPLE CHOC 16GR,Pcs,3,IDR,3.000.00,
8991001243041,TOP TRIPLE CHOC EXTRA LARGE 38GR,Pcs,4,IDR,14.000.00,
8991001502230,CHACHA MILK CHOCOLATE 10 G,Pcs,11,IDR,5.500.00,
8991001502254,CHACHA MILK COKLAT 60GR,Pcs,2,IDR,18.000.00,
8991001502261,CHACHA PEANUT WAR 10GR,Pcs,4,IDR,2.000.00,
8992957220025,LAGIE GLN CITY MINI 50G,Pcs,1,IDR,3.000.00,
8992957220063,LAGIE COKELAT KRISPI 25GR,Pcs,4,IDR,8.000.00,
8992957220087,LAGIE COKLAT METE 25G,Pcs,1,IDR,2.500.00,
8992957220100,LAGIE COKLAT TING2 KCG 30GR,Pcs,1,IDR,2.000.00,
8992957220117,LAGIE COKLAT KRIM KCG 30GR,Pcs,3,IDR,6.000.00,
8992957220209,LAGIE COKLAT ISI WAFER 25GR,Pcs,1,IDR,2.000.00,
8992957251579,LAGIE PEANUT PIE 30G,Pcs,4,IDR,10.000.00,
8992957354201,LAGIE GOLDEN CITY BALL WRN 50GR,Pcs,3,IDR,9.000.00,
8992957361124,LAGIE GLN CITY BALL 50G,Pcs,4,IDR,14.000.00,
8993058501105,EXTRA JOSS BAR,Pcs,1,IDR,2.500.00,
8996001355855,BENGBENG WHITE 22GR,Pcs,1,IDR,1.500.00,
8996196225308,CLOUD9 CRUNCHYBANANA11GR,Pcs,13,IDR,6.500.00,
8996196225407,CLOUD9 CRUNCHYCHOCO11GR,Pcs,12,IDR,6.000.00,
8999909172234,CHOKI CHOKI COK 30 X 11G,Pcs,10,IDR,10.000.00,
95502489,KIT KAT COKLAT 17GR,Pcs,1,IDR,4.500.00,
,Total COKLAT :,,,IDR,221.500.00,
,,COSMETIC,,,,
Kode Barang,Nama Barang,Unit,Terjual,Mata Uang,Nilai Penjualan,
8999999003807,CITRA WHITE BENGKOANG SACHET,Pcs,3,IDR,3.000.00,
,Total COSMETIC :,,,IDR,3.000.00,
,,DEODORAN,,,,
Kode Barang,Nama Barang,Unit,Terjual,Mata Uang,Nilai Penjualan,
8934868015024,REXONA FREE SPIRIT 10 GRAM,Pcs,1,IDR,2.000.00,
8999999049669,REXONA MEN INVISIBLE DRY,Pcs,1,IDR,14.500.00,
8999999718770,REXONA MEN ICE COOL 40 ML,Pcs,1,IDR,13.500.00,
,Total DEODORAN :,,,IDR,30.000.00,
,,DETERGEN,,,,
Kode Barang,Nama Barang,Unit,Terjual,Mata Uang,Nilai Penjualan,
8998866610223,DAIA SOFTENER VIOLET 900GR,Pcs,1,IDR,14.500.00,
Kode Barang,Nama Barang,Unit,Terjual,Mata Uang,Nilai Penjualan,
8851932343831,PADDLE POP BANANA BOAT,Pcs,1,IDR,4.500.00,
8999999519261,WALLS ICE CREAM SANDWICH STRWBRY,Pcs,1,IDR,7.000.00,
,Total ICE CREAM :,,,IDR,11.500.00,
,,KACANG,,,,
Kode Barang,Nama Barang,Unit,Terjual,Mata Uang,Nilai Penjualan,
8992775112137,GARUDA KACKULIT RS BAWANG 100,Pcs,2,IDR,17.000.00,
8992775204009,GARUDA KACANG ATOM 130 G,Pcs,3,IDR,21.000.00,
8992775210116,GARUDA KATOM 52GRAM,Pcs,1,IDR,3.000.00,
8992775211427,GARUDA PILUS ORIGINAL 95GR,Pcs,2,IDR,10.000.00,
8992775212110,GARUDA TELUR 100G,Pcs,1,IDR,7.000.00,
8992775217016,GARUDA KCG KEDELAI 75GR,Pcs,1,IDR,6.000.00,
8992775217030,GARUDA SNACK KEDELAI PDS 75GR,Pcs,1,IDR,6.000.00,
8995077600166,SUKRO DUA KELINCI 140GR,Pcs,1,IDR,8.000.00,
8995077600807,TIC TAC PILUS ORIGINAL90GR,Pcs,1,IDR,5.000.00,
8995077601767,SUKRO KACANG POLONG 140G,Pcs,1,IDR,8.000.00,
,Total KACANG :,,,IDR,91.000.00,
Kode Barang,Nama Barang,Unit,Terjual,Mata Uang,Nilai Penjualan,
711844110113,ABC KECAP MNS 135ML,Pcs,1,IDR,7.000.00,
,Total KECAP :,,,IDR,7.000.00,
Kode Barang,Nama Barang,Unit,Terjual,Mata Uang,Nilai Penjualan,
8998866100717,MAMA LIME DOUBLE EXTRACT 800ML,Pcs,1,IDR,13.500.00,
,Total KEPERLUAN KAMAR MANDI :,,,IDR,13.500.00,
,,KONSINYASI,,,,
Kode Barang,Nama Barang,Unit,Terjual,Mata Uang,Nilai Penjualan,
345111,NASI PAKET,Pcs,40,IDR,480.000.00,
35622222,NASI KUNING,Pcs,37,IDR,185.000.00,
356489,NASI UDUK,Pcs,31,IDR,232.500.00,
36523,KERIPIK 2500,Pcs,165,IDR,330.000.00,
6882148,NASI JIWAKU,Pcs,30,IDR,210.000.00,
8991001006561,DONAT ALL VARIANT,Pcs,3,IDR,9.000.00,
8994075260044,ROTI ALL VARIANT,Pcs,37,IDR,148.000.00,
B123,CILOK,Pcs,60,IDR,150.000.00,
B20011,PULSA20,Pcs,5,IDR,110.000.00,
,,KONSINYASI,,,,
Kode Barang,Nama Barang,Unit,Terjual,Mata Uang,Nilai Penjualan,
B20013,PULSA30,Pcs,1,IDR,31.500.00,
B20014,PULSA50,Pcs,3,IDR,155.500.00,
B20015,PULSA60,Pcs,1,IDR,66.200.00,
B20016,PULSA100,Pcs,1,IDR,101.500.00,
B20049,GORENGAN 1000,Pcs,288,IDR,288.000.00,
B20050,GORENGAN 1500,Pcs,416,IDR,624.000.00,
B20052,KUE SUS,Pcs,79,IDR,118.500.00,
b20051,MARTABAK,Pcs,60,IDR,120.000.00,
,Total KONSINYASI :,,,IDR,3.359.700.00,
Kode Barang,Nama Barang,Unit,Terjual,Mata Uang,Nilai Penjualan,
749921010599,WEDANK SARI JAHE 5PCS@15GR,Pcs,1,IDR,9.000.00,
8991002101630,ABC SUSU ISI 5 32G,Pcs,3,IDR,18.000.00,
8991002101746,KOPI ABC MOCCA5X24X32 G,Pcs,1,IDR,6.000.00,
8991002103238,GOOD DAY MOCACINO5X20G,Pcs,3,IDR,18.000.00,
8991002103832,GOOD DAY CHOCOCINNO 5X20G,Pcs,1,IDR,6.000.00,
8991002104914,KAPAL API MOCHA ISI 5 32G,Pcs,1,IDR,6.000.00,
8996001401033,TORABIKA DUO 25GR ISI 5,Pcs,1,IDR,5.000.00,
8996001402023,TORABIKA SUSU ISI5@28GR,Pcs,3,IDR,18.000.00,
9311931024036,INDOCAFE MIX ISI 5,Pcs,4,IDR,24.000.00,
9311931181203,MAXTEA TARIKH ISI 5 DUS125GR,Pcs,1,IDR,9.500.00,
9556182014713,CADBURRY HOT COCOA,Pcs,2,IDR,11.500.00,
,Total KOPI PACK :,,,IDR,131.000.00,
Kode Barang,Nama Barang,Unit,Terjual,Mata Uang,Nilai Penjualan,
8991001400178,DELFI HOT COCOA 3IN1 25GR,Pcs,5,IDR,24.000.00,
8991002101807,KOPI ABC MIX ISI 5@25GR,Pcs,2,IDR,11.000.00,
8991002105430,KAPAL API 65 G,Pcs,2,IDR,12.000.00,
8992775913000,GERY COKLAT DRINK 28GR,Pcs,3,IDR,10.500.00,
8994171101289,LUWAK WHITE KOFFIE 20G,Pcs,2,IDR,12.000.00,
,Total KOPI SACHET :,,,IDR,69.500.00,
Kode Barang,Nama Barang,Unit,Terjual,Mata Uang,Nilai Penjualan,
B20010,PULSA10,Pcs,8,IDR,96.000.00,
B20076,MASKER HIJAU,Pcs,3,IDR,3.000.00,
b20009,PULSA5,Pcs,3,IDR,21.000.00,
,Total LAIN LAIN :,,,IDR,120.000.00,
Kode Barang,Nama Barang,Unit,Terjual,Mata Uang,Nilai Penjualan,
8992804900797,PRONAS SAUS BOLOGNAISE 385GR,Pcs,1,IDR,17.000.00,
8992804901251,PRONAS SAUS BARBEQUE 175 GR,Pcs,1,IDR,8.000.00,
Kode Barang,Nama Barang,Unit,Terjual,Mata Uang,Nilai Penjualan,
8997021220154,PRONAS ABON SAPI ORI 100GR,Pcs,1,IDR,22.500.00,
8997021220246,PRONAS ABON SAPI RS ORI 20GR,Pcs,1,IDR,3.000.00,
,Total MAKANAN KALENG :,,,IDR,50.500.00,
Kode Barang,Nama Barang,Unit,Terjual,Mata Uang,Nilai Penjualan,
89686010015,INDOMIE AYM BAWANG 40X69GR,Pcs,16,IDR,35.200.00,
89686010527,INDOMIE RASA KARI AYAM 72 GR,Pcs,4,IDR,10.000.00,
89686010947,INDOMIE GORENG 40 X 85 GR,Pcs,2,IDR,5.000.00,
89686060027,INDOMIE POPMI RASA AYAM 56 G,Pcs,15,IDR,75.000.00,
89686060126,INDOMIE POP MIE BASO 57g,Pcs,18,IDR,90.000.00,
89686060164,INDOMIE POPMIE BASO SPC 75GR,Pcs,2,IDR,10.000.00,
89686060362,INDOMIE POPMIE SOTO 77 GR,Pcs,1,IDR,5.000.00,
89686060461,INDOMIE POPMIE RS KARI AYAM,Pcs,10,IDR,50.000.00,
89686060744,INDOMIE POPMIE GORENG 80GR,Pcs,4,IDR,24.000.00,
89686060775,INDOMIE POPMIE GOR PEDAS 80GR,Pcs,1,IDR,6.000.00,
8992388111206,MIE ABC GULAI AYAM 70GR,Pcs,4,IDR,7.200.00,
8992388112654,MIE ABC CUP GORENG SPC,Pcs,3,IDR,18.000.00,
8993118731046,BIHUNKU AYAM BAWANG,Pcs,3,IDR,5.700.00,
8998866200301,MIE SEDAP GORENG 40X91GR,Pcs,1,IDR,2.200.00,
8998866200318,MIE SEDAP AYAM BAWANG 70,Pcs,6,IDR,12.000.00,
8998866200578,MIE SEDAP KARI KENTAL SPC 75 G,Pcs,1,IDR,2.000.00,
8998866200813,MIE SEDAPCUP GRG 83G,Pcs,4,IDR,20.000.00,
8998866200820,MIE SEDAP CUP AYAM BAWANG,Pcs,4,IDR,20.000.00,
8998866200837,MIE SEDAP CUP SOTO77GR,Pcs,2,IDR,10.000.00,
8998866200851,MIE SEEDAP CUP BASO72GRAM,Pcs,11,IDR,55.000.00,
8998866200929,MIE SEDAP BASO SPC 77 GR,Pcs,10,IDR,20.000.00,
8998866201346,MIE SEDAP WHITE CURRY 81GR,Pcs,1,IDR,2.000.00,
,Total MIE INSTANT :,,,IDR,484.300.00,
Kode Barang,Nama Barang,Unit,Terjual,Mata Uang,Nilai Penjualan,
8850389108048,MOGU MOGU MANGGA 320ML,Pcs,1,IDR,7.500.00,
8850389108277,MOGU MOGU KELAPA 320ML,Pcs,1,IDR,7.500.00,
8886008101053,AQUA AQUA 24 X 600 ML,Pcs,11,IDR,33.000.00,
8886008101091,AQUA AQUA 12 X1500 ML,Pcs,12,IDR,54.000.00,
8886008101138,AQUA GALON REFILL,Pcs,5,IDR,80.000.00,
8886008101336,AQUA AQUA 24 X 330ML,Pcs,4,IDR,8.000.00,
8886057883665,KRATINGDG ENERGY DRIK 150,Pcs,1,IDR,5.000.00,
8992388101016,NU GRENTE ORG24X 500ML,Pcs,1,IDR,6.000.00,
8992388101023,NU GRENTE MADU24X 500ML,Pcs,1,IDR,6.000.00,
8992388101085,NU GRENTE ORG 24 X330M,Pcs,2,IDR,8.000.00,
8992388101092,NU GRENTE MADU24X 330ML,Pcs,3,IDR,12.000.00,
8992388133277,NU GREENTEA JASMINE GULA BATU500ML,Pcs,1,IDR,6.000.00,
8992388133345,NU TEH TARIKH 330ML,Pcs,1,IDR,6.000.00,
8992388133604,NU OCEANA 330ML,Pcs,1,IDR,4.500.00,
8992752121596,VIT LEVITE JAMBU 250 ML,Pcs,1,IDR,4.000.00,
8992752121695,VIT LEVITE SIRSAK 350 ML,Pcs,1,IDR,4.000.00,
Kode Barang,Nama Barang,Unit,Terjual,Mata Uang,Nilai Penjualan,
8992761002015,COCA COLA BOTOL 390ML,Pcs,3,IDR,13.500.00,
8992761002022,SPRITE BOTOL 390ML,Pcs,1,IDR,4.500.00,
8992761002039,FANTA BOTOL STRWBRY 390ML,Pcs,1,IDR,4.500.00,
8992761002046,FANTA ROYAL JERUK 390ML,Pcs,1,IDR,4.500.00,
8992761122317,FRESTEA GR TEH HIJAU500,Pcs,1,IDR,6.000.00,
8992761122324,FRESTEA GREEN MLTI 500M,Pcs,1,IDR,6.000.00,
8992761122430,FRESTEA GREEN MADU 500 ML,Pcs,1,IDR,6.000.00,
8992761122515,FRESTEA JASMINE NON KALORI,Pcs,2,IDR,12.000.00,
8992761139018,ISOTONIK ADES NATURAL 600 ML,Pcs,19,IDR,57.000.00,
8992761145019,COCA COLA 250 ML,Pcs,3,IDR,10.500.00,
8992761145033,FANTA 250ML,Pcs,1,IDR,3.500.00,
8992761166205,FRESTEA TEH HIJAU 350ML,Pcs,1,IDR,4.000.00,
8992761166212,FRESTEA APEL 350,Pcs,2,IDR,8.000.00,
8992761166229,FRESTEA MARKISA 350ML,Pcs,1,IDR,4.000.00,
8992772585026,ADEM SARI CHINGKU PET350ML,Pcs,1,IDR,6.500.00,
8992775709047,GOOD MOOD ORANGE MADU 500ML,Pcs,1,IDR,5.000.00,
8992775709061,GOOD MOOD LEMON MADU 500ML,Pcs,2,IDR,10.000.00,
8992775916018,CLEVO SMOOTHY 200ML,Pcs,1,IDR,4.500.00,
8992982201501,NESTLE PURE LIFE1500ML,Pcs,8,IDR,36.000.00,
8992982203307,NESTLE PURE LIFE 330ML,Pcs,19,IDR,38.000.00,
8992982206001,NESTLE PURE LIFE 600ML,Pcs,95,IDR,285.000.00,
8993190912463,AMIDIS 330ML,Pcs,1,IDR,2.000.00,
8993539106003,RON 88 600 ML,Pcs,51,IDR,127.000.00,
8994947000051,KIYORA MILK TEA,Pcs,4,IDR,26.000.00,
8994947000112,KIYORA MATCHA LATTE,Pcs,5,IDR,37.500.00,
8994985002109,POKKA NATSBEE LEMON 450ML,Pcs,1,IDR,6.000.00,
8995227500124,LARUTAN CAP KAKI TIGA ORI 200ML,Pcs,1,IDR,3.000.00,
8995227500261,LARUTAN CAP KAKI TIGA ORI 500ML,Pcs,3,IDR,19.500.00,
8996001600146,TEH PUCUK HARUM 350 ml,Pcs,8,IDR,24.000.00,
8996001600207,TEH PUCUK 480 ML,Pcs,2,IDR,11.000.00,
8996001600221,KOPIKO 78c 250ml,Pcs,5,IDR,30.000.00,
8996001600269,LE-MINERALE 600ML,Pcs,18,IDR,54.000.00,
8996001600306,KOPIKO MOCHARETA 240ML,Pcs,6,IDR,36.000.00,
8996001600313,KOPIKO 78 CARAMEL FRSPPE,Pcs,7,IDR,42.000.00,
8996001600375,LE-MINERALE 330ML,Pcs,11,IDR,22.000.00,
8996001600399,LE-MINERALE 1500ML,Pcs,3,IDR,13.500.00,
8996006320117,TEH BOTOL KOTAK 200 ML,Pcs,2,IDR,6.000.00,
8996006852045,SOSRO PRIM-A 600 ML,Pcs,21,IDR,52.500.00,
8996006853394,FRUIT TEA PET STRAW500 ML,Pcs,1,IDR,6.000.00,
8996006853400,FRUIT TEA PET BLCK CUR500,Pcs,1,IDR,6.000.00,
8996006855879,FRUIT TEA BLACKUREN 230 ML,Pcs,3,IDR,7.500.00,
8996006857255,FRUIT TEA FREEZE 500ML,Pcs,2,IDR,12.000.00,
8996006857705,STEE TEH BOTOL 350ML,Pcs,1,IDR,2.500.00,
8996006858085,FRUITEA APEL 350ML,Pcs,3,IDR,13.500.00,
8996006858115,FRUITEA FREZZE350ML,Pcs,1,IDR,4.500.00,
8996006858160,FRUITEA BLACKCURRENT 350ML,Pcs,1,IDR,4.500.00,
8996006858214,FRUIT TEA LEMON 500ML,Pcs,2,IDR,12.000.00,
8997009510017,YOU C C1000 LEMON 140ML,Pcs,4,IDR,24.000.00,
8997009510055,YOU C C1000 ORANGE 140ML,Pcs,3,IDR,18.000.00,
8997009780243,LOVE GUAVA 300 ML,Pcs,1,IDR,6.000.00,
8997011921405,MILKO RS COKELAT 200ML,Pcs,3,IDR,15.000.00,
8997011921412,MILKO RS KACANG HIJAU 200ML,Pcs,2,IDR,10.000.00,
8997035563414,POCARI SWEAT 500 ML,Pcs,3,IDR,21.000.00,
Kode Barang,Nama Barang,Unit,Terjual,Mata Uang,Nilai Penjualan,
8997035563544,POCARI SWEAT 350 ML,Pcs,1,IDR,6.000.00,
8997035601017,POCARI SWEAT IONESSENCE 250ML,Pcs,1,IDR,7.000.00,
,Total MINUMAN BOTOL :,,,IDR,1.468.000.00,
Kode Barang,Nama Barang,Unit,Terjual,Mata Uang,Nilai Penjualan,
35666,TEH TARIKH 250ML,Pcs,7,IDR,49.000.00,
8992726848030,INACO KRIUK LECI 200GR,Pcs,2,IDR,6.000.00,
,Total MINUMAN GELAS :,,,IDR,55.000.00,
Kode Barang,Nama Barang,Unit,Terjual,Mata Uang,Nilai Penjualan,
8992696404441,NESTLE BEAR BRAND195G,Pcs,3,IDR,25.500.00,
8995227500247,LARUTAN KAKI 3 JAMBU BJ 320,Pcs,1,IDR,6.000.00,
8995227500278,LARUTAN KAKI 3 LECI 320 ML,Pcs,1,IDR,6.000.00,
8995227500582,PANDA CINCAU 310ML,Pcs,1,IDR,5.000.00,
9556001025272,NESCAFE RTD LATTE 240ML,Pcs,2,IDR,16.000.00,
9556001047175,NESCAFE ORGINAL 240ML,Pcs,1,IDR,8.000.00,
,Total MINUMAN KALENG :,,,IDR,66.500.00,
Kode Barang,Nama Barang,Unit,Terjual,Mata Uang,Nilai Penjualan,
749921006868,HILO TEEN CHOCOLATE 200ML,Pcs,2,IDR,15.000.00,
749921030085,HILO TIRAMISU CAKE 200 ML,Pcs,1,IDR,7.500.00,
749921050014,L-MEN RASA CHOCOLATE 200ML,Pcs,1,IDR,8.000.00,
7499221133155,YOGHURT HEAVENLY BLACKCURRENT,Pcs,2,IDR,18.000.00,
,200ML,,,,,
8991234535494,SUNKIST JERUK 200ML,Pcs,1,IDR,5.000.00,
8992753033720,BENDERA SWISS CHOCOLATE 225ML,Pcs,8,IDR,40.000.00,
8992753033737,BENDERA STRAWBERY 225ML,Pcs,6,IDR,30.000.00,
8992775717127,CLEVO STRAWBERY SPLASH 125ML,Pcs,1,IDR,3.000.00,
8993200661336,CIMORY AL VARIAN,Pcs,3,IDR,25.500.00,
8993200663828,CIMORY UHT ALL VAR 200ML,Pcs,1,IDR,6.000.00,
8996006142511,TEH BOTOL KOTAK 250 ML,Pcs,2,IDR,7.000.00,
8996006855886,FRUIT TEA APPLE 230 ML,Pcs,1,IDR,2.500.00,
8996006856876,STEE 330 ML JASMINE TEA,Pcs,5,IDR,12.500.00,
8998009010231,ULTRA COKLAT 250 ML,Pcs,25,IDR,137.500.00,
8998009010255,ULTRA MOCCA 250ML,Pcs,10,IDR,55.000.00,
8998009010262,ULTRA LOWFAT  PUTIH 250 ML,Pcs,7,IDR,42.000.00,
8998009010569,ULTRA MILK COKLAT 200ML,Pcs,21,IDR,94.500.00,
8998009010583,ULTRA MOCCA 200ML,Pcs,14,IDR,63.000.00,
8998009010682,ULTRA LOWFAT PUTIH 200ML,Pcs,7,IDR,35.000.00,
8998009011214,ULTRA LOW FAT COKLAT 250ML,Pcs,6,IDR,36.000.00,
8998009020179,BUAVITA ORANGE 250ML,Pcs,3,IDR,19.500.00,
8998009020186,BUAVITA GUAVA 250ML,Pcs,1,IDR,6.500.00,
8998009020193,BUAVITA MANGO 250ML,Pcs,1,IDR,6.500.00,
8998009020216,BUAVITA LECI 250ML,Pcs,1,IDR,6.500.00,
Kode Barang,Nama Barang,Unit,Terjual,Mata Uang,Nilai Penjualan,
8998009020223,BUAVITA APPLE 250ML,Pcs,1,IDR,6.500.00,
8998009030031,ULTRA SARI ASEM 250ML,Pcs,2,IDR,10.000.00,
8998009040023,ULTRA TEH KOTAK 200 ML,Pcs,12,IDR,42.000.00,
8998009040139,ULTRA TEH KOTAK 500ML,Pcs,1,IDR,6.000.00,
9415007014416,BONEETO COKLAT 180ML,Pcs,1,IDR,4.500.00,
9415007014430,BONEETO VANILA 180ML,Pcs,2,IDR,9.000.00,
,Total MINUMAN TETRA PACK :,,,IDR,760.000.00,
Kode Barang,Nama Barang,Unit,Terjual,Mata Uang,Nilai Penjualan,
8992946121012,TROPICAL 1LITER,Pcs,2,IDR,29.000.00,
8993496001076,SANIA 2LITER,Pcs,4,IDR,98.000.00,
8993496001083,SANIA MINYAK 1 LITER,Pcs,1,IDR,15.000.00,
,Total MINYAK GORENG :,,,IDR,142.000.00,
,,OBAT,,,,
Kode Barang,Nama Barang,Unit,Terjual,Mata Uang,Nilai Penjualan,
57856,LASERIN OBAT BATUK 30ML,Pcs,1,IDR,4.000.00,
8992858664706,PROMAG PROMAG TABLET,Pcs,1,IDR,500,
8993014730112,MADURASA JERUK 20 ML,Pcs,2,IDR,2.000.00,
8998667100206,PARAMEX OBAT SAKIT KEPALA,Pcs,1,IDR,2.500.00,
8998898101409,TOLAK ANGI CAIR SC,Pcs,10,IDR,25.000.00,
8999777026370,HANSAPLAST KAIN ELASTIS,Pcs,1,IDR,500,
,Total OBAT :,,,IDR,34.500.00,
Kode Barang,Nama Barang,Unit,Terjual,Mata Uang,Nilai Penjualan,
76980,SENSODYNE R&P 100GR,Pcs,1,IDR,28.500.00,
8998866181082,CIPTADENT FRESH MINT 190 GRAM,Pcs,2,IDR,16.000.00,
8999999706081,PEPSODENT CALC GANDA 75G,Pcs,3,IDR,10.500.00,
8999999707781,PEPSODENT WHITENING 190 Gr,Pcs,2,IDR,32.000.00,
8999999710866,PEPSODENT HERBAL 190 GRAM,Pcs,1,IDR,16.000.00,
8999999710873,PEPSODENT HERBAL 120 GR,Pcs,1,IDR,10.500.00,
,Total PASTA GIGI :,,,IDR,113.500.00,
Kode Barang,Nama Barang,Unit,Terjual,Mata Uang,Nilai Penjualan,
8993189270284,CHARM EXTRA MAXI 8 PADS,Pcs,1,IDR,4.000.00,
8993189270291,CHARM BF EXTRA MAXI 10 PAD,Pcs,1,IDR,5.000.00,
8993189270321,CHARM BDFIT EXT MWING 5 PADS,Pcs,1,IDR,3.500.00,
8993189270673,CHARM EXTRA MAXI WING 2PAD,Pcs,3,IDR,3.000.00,
8993189270680,CHARM NIGHT 29CM ISI 2PAD,Pcs,14,IDR,21.000.00,
,Total PEMBALUT WANITA :,,,IDR,36.500.00,
,,PERMEN,,,,
Kode Barang,Nama Barang,Unit,Terjual,Mata Uang,Nilai Penjualan,
34565,BUBBLE GUM CANDY,Pcs,1,IDR,1.000.00,
6545,CHUPA LOLYPOP,Pcs,13,IDR,26.000.00,
8991115010102,BIG BABOL TT FRUITY 20GR,Pcs,4,IDR,10.000.00,
8991115040093,HAPPYDENT WHITE 14GR,Pcs,4,IDR,12.000.00,
8992919856026,SUGUS ORANGE 30 GR,Pcs,2,IDR,6.000.00,
8993560151041,STREPSIL LMN HERBAL ISI 6,Pcs,1,IDR,12.000.00,
8998685011003,HEXOS MINT,Pcs,9,IDR,18.000.00,
8998685012000,HEXOS LEMON MINT,Pcs,4,IDR,8.000.00,
8998685021002,NANO NANO KULIT JERUK,Pcs,7,IDR,14.000.00,
8998685028001,NANO-NANO NOUGAT ORIGINAL 20GR,Pcs,1,IDR,2.500.00,
8998685052303,FROZZ BARLEY MINT,Pcs,2,IDR,15.000.00,
8998685175002,NANO-NANO NOUGAT COKLAT 20GR,Pcs,1,IDR,2.500.00,
8998685177013,NANO-NANO MILKY VANILA 12GR,Pcs,1,IDR,2.500.00,
8998685179017,NANO-NANO MILKY STROBERY 12GR,Pcs,2,IDR,5.000.00,
8998685221013,NANO-NANO MILKY COKLAT 12GR,Pcs,2,IDR,5.000.00,
95506913,STREPSILS VITAMIN C- 100 ISI 6,Pcs,1,IDR,8.500.00,
,Total PERMEN :,,,IDR,148.000.00,
Kode Barang,Nama Barang,Unit,Terjual,Mata Uang,Nilai Penjualan,
8991115012106,BIG BABOL STRWBERY 20GR,Pcs,11,IDR,27.500.00,
,Total PERMEN KARET :,,,IDR,27.500.00,
Kode Barang,Nama Barang,Unit,Terjual,Mata Uang,Nilai Penjualan,
8992745326229,STELLA MATIC GREEN FTS 225 ML,Pcs,1,IDR,31.500.00,
,Total PEWANGI RUANGAN :,,,IDR,31.500.00,
,,ROKOK,,,,
Kode Barang,Nama Barang,Unit,Terjual,Mata Uang,Nilai Penjualan,
76239878,MARLBORO PUTIH,Pcs,1,IDR,24.000.00,
8991906101019,DJARUM SUPER 12X10BKS,Pcs,1,IDR,16.500.00,
8991906101125,DJARUM BLACK 16X 10BKS,Pcs,1,IDR,18.500.00,
8991906101170,DJARUM BLACK CAPPUCINO,Pcs,2,IDR,37.000.00,
8991906101361,DJARUM SUPER MLD,Pcs,5,IDR,95.000.00,
8991906101644,DJARUM COKLAT 12X10BKS,Pcs,4,IDR,50.000.00,
8991906105758,LA BOLD 20,Pcs,2,IDR,41.000.00,
8993989311279,CLASS MILD CLASS MILD 12,Pcs,2,IDR,25.000.00,
8993989311699,CLASS MILD CLASS MILD 16,Pcs,1,IDR,18.000.00,
8997032821302,ESSE BERRY POP 16,Pcs,1,IDR,16.500.00,
89981108,LUCKY STRIKE MERAH 20,Pcs,3,IDR,51.000.00,
8998127311173,STAR MILD 16,Pcs,1,IDR,20.500.00,
8998181941132,DUNHILL DUNHILL FILTER,Pcs,5,IDR,82.500.00,
8998989100120,GARAM GARAM FILTER,Pcs,6,IDR,96.000.00,
8998989110167,GARAM GUDANG GARAM SURYA16,Pcs,2,IDR,41.000.00,
8998989300155,GARAM SIGNATURE,Pcs,5,IDR,70.000.00,
8998989300179,GG MILD MENTHOL 16,Pcs,1,IDR,15.500.00,
,,ROKOK,,,,
Kode Barang,Nama Barang,Unit,Terjual,Mata Uang,Nilai Penjualan,
8998989300391,GARAM SURYA PRO MILD 16,Pcs,2,IDR,29.000.00,
8999909000544,MARLBORO FILTER BLACK 20,Pcs,2,IDR,41.000.00,
8999909001909,DJISAMSOE MAGNUM  FILTER,Pcs,1,IDR,16.500.00,
8999909028234,DJISAMSOE 12 BATANGX20BKS,Pcs,10,IDR,155.000.00,
8999909028999,DJISAMSOE REFIL 12X 10 BKS,Pcs,3,IDR,54.000.00,
8999909085114,SAMPOERNA KRETEK 12 BTG,Pcs,1,IDR,12.000.00,
8999909096004,SAMPOERNA MILD MERAH 16,Pcs,12,IDR,246.000.00,
8999909982000,SAMPOERNA MILD MERAH 12,Pcs,6,IDR,90.000.00,
,Total ROKOK :,,,IDR,1.361.500.00,
,,ROTI,,,,
Kode Barang,Nama Barang,,Unit,Terjual,Mata Uang,Nilai Penjualan
8992907230012,SARI ROTI ICK  ISI COKLAT 72G,,Pcs,5,IDR,30.000.00
8992907240011,SARI ROTI IKJ ISI KEJU 70G,,Pcs,3,IDR,19.500.00
8992907420017,SARI ROTI KRIM COKLAT 69GR,,Pcs,1,IDR,4.500.00
8992907440015,SARI ROTI KRIM MOCCA 72G,,Pcs,2,IDR,9.000.00
8992907450014,SARI ROTI KRIM COKLAT VANILA,,Pcs,2,IDR,9.000.00
8992907710019,SARI ROTI SOBEK COKLAT 226GR,,Pcs,1,IDR,15.000.00
8992907780012,SARI ROTI SOBEK KASUR KEJU 180G,,Pcs,1,IDR,15.000.00
8992907952037,SARI ROTI ISI COKLAT KEJU,,Pcs,15,IDR,90.000.00
8992907952327,SARI ROTI SCK SANDWICH COKLAT 49 G,,Pcs,21,IDR,84.000.00
8992907952334,SARI ROTI SANDWICH KEJU 49G,,Pcs,17,IDR,68.000.00
8992907952358,SARI ROTI SAP SANDWICH KACANG 49 G,,Pcs,5,IDR,20.000.00
8994046020059,MYROTI SNDWICH CKLT PSNG 96GR,,Pcs,4,IDR,18.000.00
8994046020073,MYROTI SNDWICH STROWBERY SUSU 96G,,Pcs,3,IDR,13.500.00
8994046020080,MYROTI SNDWICH COKLAT DAN KACANG,,Pcs,4,IDR,18.000.00
8994046020097,MYROTI SNDWCH COKLAT STRWBRY 96GR,,Pcs,3,IDR,13.500.00
8994046020103,MYROTI SNDWICH TUNA MAYO50GR,,Pcs,2,IDR,10.000.00
8994046070047,MYROTI ISI COKLAT 58GR,,Pcs,3,IDR,9.000.00
8994046070054,MYROTI ISI SUSU 58GR,,Pcs,8,IDR,23.400.00
,Total ROTI :,,,,IDR,469.400.00
Kode Barang,Nama Barang,Unit,Terjual,Mata Uang,Nilai Penjualan,
8999999036607,LUX SOFT TOUCH 85G,Pcs,2,IDR,6.000.00,
8999999036676,LUX AQUA SPARKLE 85GR,Pcs,2,IDR,6.000.00,
,Total SABUN MANDI BATANG :,,,IDR,12.000.00,
Kode Barang,Nama Barang,Unit,Terjual,Mata Uang,Nilai Penjualan,
8992727005012,BIORE HYGENIC COOL 420ML,Pcs,1,IDR,24.500.00,
8999999001230,LIFEBUOY TOTALPROTECT 100ML,Pcs,1,IDR,8.500.00,
,Total SABUN MANDI CAIR :,,,IDR,33.000.00,
,,SAOS,,,,
Kode Barang,Nama Barang,Unit,Terjual,Mata Uang,Nilai Penjualan,
711844120082,ABC SAMBAL EXTRA PDS135ML,Pcs,1,IDR,6.000.00,
,Total SAOS :,,,IDR,6.000.00,
,,SHAMPO,,,,
Kode Barang,Nama Barang,Unit,Terjual,Mata Uang,Nilai Penjualan,
8999999033132,LIFEBUOY HAIR FALL 170ML,Pcs,2,IDR,29.000.00,
,Total SHAMPO :,,,IDR,29.000.00,
Kode Barang,Nama Barang,Unit,Terjual,Mata Uang,Nilai Penjualan,
8998866103954,CIPTADENT EXTRA CLEAN SOFT,Pcs,4,IDR,12.000.00,
8999999520151,PEPSODENT SKT GIGI TRIPLE CLEAN,Pcs,2,IDR,7.000.00,
,MEDIUM,,,,,
,Total SIKAT GIGI :,,,IDR,19.000.00,
Kode Barang,Nama Barang,Unit,Terjual,Mata Uang,Nilai Penjualan,
53314502227,KUSUKA AYAM LD HTM 30@60G,Pcs,1,IDR,5.500.00,
89686596441,LAYS SEAWEED 40 G,Pcs,1,IDR,6.000.00,
89686596465,LAYS SEAWEED 75G,Pcs,1,IDR,10.000.00,
89686598056,CHITATO SP PANGGANG 68GR,Pcs,2,IDR,19.000.00,
89686598476,CHITATO AYAM BUMBU 68GR,Pcs,1,IDR,10.500.00,
89686600025,CHEETOS AYAM BAKAR 15GR,Pcs,9,IDR,9.000.00,
89686600223,CHEETOS JAGUNG BAKAR 15GR,Pcs,1,IDR,1.000.00,
89686600247,CHEETOS JAGUNG BKR 40 GR,Pcs,9,IDR,36.000.00,
89686601053,CHEETOS PUFF 60GR,Pcs,1,IDR,6.500.00,
89686611052,QTELA KRUMPE 50GR,Pcs,1,IDR,5.000.00,
4556,KACANG GORENG 500 GR,Pcs,1,IDR,35.000.00,
8886013223207,SIANTAR TOP FRENC FRIES 75GR,Pcs,1,IDR,6.000.00,
8886013402206,TWISTKORS JAGUNG BAKAR 30GR,Pcs,3,IDR,7.500.00,
8992775110126,GARUDA KAC KULIT GRG10X230G,Pcs,2,IDR,31.000.00,
8992775110133,GARUDA KACANG KULIT 80 GRAM,Pcs,2,IDR,13.000.00,
8992775211410,GARUDA PILUS PEDAS 95G,Pcs,1,IDR,5.000.00,
8992775301012,GERY CHOCOLATOS GRANDE 66G,Pcs,7,IDR,28.000.00,
8993175532419,RICHEESE ROLLS 8G,Pcs,7,IDR,3.500.00,
8994075560069,CITOKU PEDAS 50GR,Pcs,1,IDR,7.500.00,
8996196000257,PIATTOS BARBEQUE 50+5 G,Pcs,3,IDR,16.500.00,
8996196003456,PIATTOS DUO SEAWEED&SPIC GRILB50G,Pcs,1,IDR,5.500.00,
8996196004255,POTATO CRIPS SP PGG 68GR,Pcs,1,IDR,7.000.00,
8996196075903,CHIZ KING RS KEJU 14GR,Pcs,1,IDR,1.000.00,
8997004301146,RINBEE STICK KEJU 70GR,Pcs,2,IDR,12.000.00,
8997004302143,RINBEE STICK KEJU 14GR,Pcs,10,IDR,10.000.00,
8997004303607,OISHI POPPY POP 14GR,Pcs,5,IDR,5.000.00,
8997004306448,OISHI SUKY SEAWEED 14GR,Pcs,1,IDR,1.000.00,
8997004306455,SUKY UDANG 14GR,Pcs,4,IDR,4.000.00,
8997016730200,KRIPTOS JGG BKR 120GR,Pcs,1,IDR,6.000.00,
8998866201483,POTABEE RS SEAWEED 35GR,Pcs,2,IDR,10.000.00,
Kode Barang,Nama Barang,Unit,Terjual,Mata Uang,Nilai Penjualan,
8999999000165,TARO SEAWED 9GR,Pcs,5,IDR,5.000.00,
8999999000189,TARO SEAWEED 40 GRAM,Pcs,3,IDR,15.000.00,
,Total SNACK CHIKI :,,,IDR,343.000.00,
,,SUSU,,,,
Kode Barang,Nama Barang,Unit,Terjual,Mata Uang,Nilai Penjualan,
8992696409057,MILO 3 IN1CKT  35GR,Pcs,3,IDR,16.000.00,
8992696520103,DANCOW INSTANT COKLAT 40 G,Pcs,1,IDR,6.000.00,
8992753031900,BENDERA KTL MANIS SCT 6X42GR,Pcs,1,IDR,8.000.00,
8992753101207,BENDERA  KENTAL MNS 385gr,Pcs,1,IDR,10.500.00,
8992753102303,BENDERA COKLAT SC ISI 6X 42,Pcs,1,IDR,8.000.00,
8992761164546,NUTRIBOOS STRWB 300ML,Pcs,2,IDR,12.000.00,
8996001440087,ENERGEN KAC  HIJAU 5 X 32G,Pcs,1,IDR,6.500.00,
,Total SUSU :,,,IDR,67.000.00,
,,TEH,,,,
Kode Barang,Nama Barang,,Unit,Terjual,Mata Uang,Nilai Penjualan
8999999195649,SARIWANGI TEH ISI 25 PACK,,Pcs,1,IDR,5.500.00
,Total TEH :,,,,IDR,5.500.00
,,TISSUE,,,,
Kode Barang,Nama Barang,Unit,Terjual,Mata Uang,Nilai Penjualan,
8992745540687,MITU ANTISEPTIC 10S,Pcs,2,IDR,13.000.00,
8992931025035,TESSA MULTI NP4X200s MP-03,Pcs,2,IDR,13.000.00,
8992931029521,MULTI TISSUE ROLL,Pcs,1,IDR,3.000.00,
8993053131093,PASEO TRAVELPACK 70S,Pcs,3,IDR,13.500.00,
8994075260297,TESSA TISSUE SAKU 10S,Pcs,7,IDR,7.000.00,
,Total TISSUE :,,,IDR,49.500.00,
,Total :,,,IDR,10.645.900.0,
